Interest,CareerGoal,Skills,Course
Automotive Design,Mechanical Engineer,"CAD, Thermodynamics, MATLAB",Mechanical Engineering
Patient Care,Registered Nurse,"Empathy, Clinical Assessment, Wound Care",BSc Nursing
Drug Formulation,Pharmacist,"Pharmacology, Inventory Management, Attention to Detail",BPharmacy
Circuit Design,Electrical Engineer,"Circuit Design, PLC, Troubleshooting",Electrical Engineering
Bridge Construction,Civil Engineer,"Structural Analysis, STAAD Pro, Project Management",Civil Engineering
Strategic Management,Business Development Manager,"Leadership, Financial Accounting, Excel",BBM
News Reporting,Journalist,"Copy Editing, Video Editing, Interviewing",BJMC
Cognitive Behavior Therapy,Clinical Psychologist,"Active Listening, SPSS, Case Documentation",BA Psychology
Financial Analysis,Financial Analyst,"Tally, Taxation, Data Analysis",BBS
Cardiology,Cardiologist,"Clinical Diagnosis, ECG Interpretation, Bedside Manner",MBBS
Network Security,Network Administrator,"Linux, Cybersecurity, Cloud Computing",BIT
Brand Marketing,Marketing Manager,"Branding, P&L Management, Digital Marketing",BBA
Hotel Operations,Hotel General Manager,"Front Office, F&B Control, Guest Relations",BHM
Embedded Systems,Firmware Engineer,"C++, Microcontrollers, Digital Logic",Computer Engineering
Web Development,Full Stack Developer,"Java, Python, React, MySQL",BCA
Social Research,NGO Project Coordinator,"Survey Design, Report Writing, Advocacy",BA Sociology
Data Science,Data Scientist,"Python, Machine Learning, Statistics, SQL",BSc CSIT
Corporate Law,Corporate Lawyer,"Legal Drafting, Negotiation, Contract Law",BALLB
Thermal Engineering,Thermal Engineer,"CFD, ANSYS, Heat Transfer",Mechanical Engineering
Pediatric Care,Pediatric Nurse,"Child Health Assessment, Immunization, Communication",BSc Nursing
Pharmaceutical Research,Drug Discovery Scientist,"Medicinal Chemistry, HPLC, GLP",BPharmacy
Power Systems,Power Systems Engineer,"ETAP, Relay Coordination, SCADA",Electrical Engineering
Highway Design,Transportation Engineer,"AutoCAD Civil 3D, Traffic Analysis, Surveying",Civil Engineering
Human Resources,HR Manager,"Recruitment, Employee Relations, Labor Law",BBM
Digital Media,Content Strategist,"SEO, Social Media Management, Analytics",BJMC
Industrial Psychology,Organizational Psychologist,"Psychometric Testing, Employee Engagement",BA Psychology
Auditing,Auditor,"Accounting Standards, Internal Controls, Risk Assessment",BBS
Neurology,Neurologist,"Neurological Exam, MRI Reading, Patient Management",MBBS
Database Management,Database Administrator,"Oracle, MongoDB, Backup & Recovery",BIT
Supply Chain Management,Supply Chain Manager,"Logistics, Inventory Optimization, SAP",BBA
Culinary Management,Executive Chef,"Menu Planning, Cost Control, Kitchen Management",BHM
VLSI Design,ASIC Engineer,"Verilog, SystemVerilog, Synthesis",Computer Engineering
Mobile App Development,Android Developer,"Kotlin, Flutter, Firebase",BCA
Rural Sociology,Community Development Officer,"PRA Tools, Report Writing, Local Language",BA Sociology
Artificial Intelligence,AI Engineer,"TensorFlow, PyTorch, NLP",BSc CSIT
Human Rights Law,Human Rights Advocate,"Legal Research, Advocacy, International Law",BALLB
Robotics,Robotics Engineer,"ROS, Python, Mechatronics",Mechanical Engineering
Emergency Nursing,ER Nurse,"Triage, ACLS, Trauma Care",BSc Nursing
Regulatory Affairs,Regulatory Affairs Specialist,"FDA Guidelines, Dossier Preparation",BPharmacy
Control Systems,Control Systems Engineer,"PID Tuning, PLC, DCS",Electrical Engineering
Environmental Engineering,Environmental Engineer,"Wastewater Treatment, EIA, GIS",Civil Engineering
Market Research,Market Research Analyst,"Survey Design, SPSS, Focus Groups",BBM
Public Relations,PR Specialist,"Media Relations, Press Releases, Crisis Communication",BJMC
Sports Psychology,Sports Psychologist,"Performance Coaching, Motivation Techniques",BA Psychology
Investment Banking,Investment Analyst,"Valuation, Financial Modeling, Bloomberg Terminal",BBS
Orthopedics,Orthopedic Surgeon,"Joint Replacement, Arthroscopy, Rehabilitation",MBBS
Software Quality Assurance,QA Engineer,"Selenium, Test Automation, JIRA",BIT
E-Commerce,E-Commerce Manager,"Shopify, Google Analytics, Conversion Optimization",BBA
Event Management,Event Manager,"Budgeting, Vendor Management, Logistics",BHM
Renewable Energy,Solar Project Engineer,"PVSyst, AutoCAD, Site Assessment",Electrical Engineering
Structural Design,Structural Engineer,"ETABS, RCC Detailing, Seismic Analysis",Civil Engineering
Banking Operations,Bank Manager,"Credit Appraisal, NPA Management, KYC",BBM
Content Writing,Content Manager,"Copywriting, Blogging, WordPress",BJMC
Rehabilitation Counseling,Rehabilitation Counselor,"Disability Assessment, Case Management",BA Psychology
Tax Consulting,Tax Consultant,"Income Tax, GST, Transfer Pricing",BBS
Pediatrics,Pediatrician,"Growth Monitoring, Vaccination, Parental Counseling",MBBS
Cloud Architecture,Cloud Engineer,"AWS, Azure, Kubernetes",BIT
Retail Management,Retail Store Manager,"Merchandising, Customer Service, POS Systems",BBA
Housekeeping Management,Executive Housekeeper,"Cleaning Standards, Linen Management, Pest Control",BHM
Automotive Electronics,Automotive Embedded Engineer,"CAN Bus, AUTOSAR, C",Computer Engineering
UI/UX Design,UI/UX Designer,"Figma, Adobe XD, User Research",BCA
Urban Sociology,Urban Planner,"Community Needs Assessment, Policy Analysis",BA Sociology
Cybersecurity,Cybersecurity Analyst,"Penetration Testing, SIEM, Firewalls",BSc CSIT
Criminal Law,Criminal Lawyer,"Courtroom Proceedings, Evidence Law, Client Counseling",BALLB
Aerospace Structures,Aerospace Engineer,"CATIA, FEA, Composite Materials",Mechanical Engineering
Community Health Nursing,Public Health Nurse,"Health Promotion, Epidemiology, Outreach",BSc Nursing
Clinical Pharmacy,Clinical Pharmacist,"Therapeutic Drug Monitoring, Ward Round Participation",BPharmacy
Telecommunications,Telecom Engineer,"RF Planning, Optical Fiber, 5G Technology",Electrical Engineering
Water Resources,Hydrologist,"HEC-RAS, Flood Modeling, Watershed Management",Civil Engineering
Entrepreneurship,Startup Founder,"Business Planning, Fundraising, Lean Startup",BBM
Video Production,Video Editor,"Premiere Pro, After Effects, Cinematography",BJMC
Educational Psychology,School Counselor,"Child Development, Career Guidance, Testing",BA Psychology
Cost Accounting,Cost Accountant,"Standard Costing, Variance Analysis, ERP",BBS
Radiology,Radiologist,"X-ray, CT, MRI, Ultrasound Interpretation",MBBS
IT Support,IT Support Specialist,"Troubleshooting, Active Directory, ServiceNow",BIT
Business Consulting,Management Consultant,"Problem-Solving, PowerPoint, Data Analysis",BBA
Front Office Management,Front Office Manager,"Reservations, Customer Service, PMS Software",BHM
Mechatronics,Mechatronics Engineer,"PLC, Sensors, Actuators, Control Systems",Mechanical Engineering
Geriatric Nursing,Geriatric Nurse,"Fall Prevention, Dementia Care, Palliative Care",BSc Nursing
Quality Control,QC Analyst,"HPLC, GC, GMP, SOP Compliance",BPharmacy
Instrumentation,Instrumentation Engineer,"SCADA, DCS, Calibration",Electrical Engineering
Geotechnical Engineering,Geotechnical Engineer,"Soil Testing, Slope Stability, Foundation Design",Civil Engineering
International Business,Export Manager,"Trade Finance, Incoterms, Customs Procedures",BBM
Journalism Ethics,Investigative Journalist,"Fact-Checking, FOIA Requests, Source Protection",BJMC
Neuroscience,Neuroscientist,"EEG Analysis, Behavioral Testing, SPSS",BA Psychology
Corporate Finance,Finance Manager,"Capital Budgeting, Working Capital Management",BBS
Oncology,Oncologist,"Chemotherapy Planning, Tumor Board, Palliative Care",MBBS
Data Analytics,Data Analyst,"Power BI, Tableau, Python Pandas",BIT
Advertising,Advertising Manager,"Campaign Management, Media Buying, Creative Briefs",BBA
Food Safety,Hygiene Officer,"HACCP, Food Safety Audits, Training",BHM
Additive Manufacturing,3D Printing Specialist,"Design for AM, Slicing Software, Materials Science",Mechanical Engineering
Operation Theatre Nursing,OT Nurse,"Sterilization, Surgical Assistance, Instrument Count",BSc Nursing
Pharmacovigilance,Drug Safety Associate,"MedDRA Coding, ICSR Processing, Safety Databases",BPharmacy
Substation Design,Substation Engineer,"Single Line Diagrams, Relay Settings, Earthing",Electrical Engineering
Construction Management,Construction Manager,"Primavera P6, Cost Estimation, Site Safety",Civil Engineering
Digital Marketing,SEO Specialist,"Google Analytics, SEMrush, Keyword Research",BBM
Photojournalism,Photojournalist,"DSLR Photography, Photo Editing, Ethical Reporting",BJMC
Addiction Counseling,Addiction Counselor,"Motivational Interviewing, Relapse Prevention",BA Psychology
Banking Law,Compliance Officer,"AML, KYC, Regulatory Reporting",BBS
Gynecology,Gynecologist,"Obstetric Care, Laparoscopy, Women's Health",MBBS
DevOps Engineering,DevOps Engineer,"Docker, Jenkins, CI/CD Pipelines",BIT
International Marketing,Global Brand Manager,"Cross-Cultural Communication, Market Entry Strategy",BBA
Beverage Management,Sommelier,"Wine Pairing, Inventory Control, Customer Service",BHM
IoT Development,IoT Solutions Architect,"MQTT, Embedded C, AWS IoT",Computer Engineering
Data Visualization,BI Developer,"Power BI, DAX, SQL Server",BCA
Political Sociology,Political Campaign Analyst,"Voter Behavior, Polling Analysis, Messaging",BA Sociology
Blockchain,Blockchain Developer,"Solidity, Smart Contracts, Web3.js",BSc CSIT
Tax Law,Tax Attorney,"Tax Code Research, IRS Representation, Estate Planning",BALLB
Marine Engineering,Marine Engineer,"Ship Propulsion, Stability Calculations, Dry Docking",Mechanical Engineering
Mental Health Nursing,Psychiatric Nurse,"De-escalation Techniques, Medication Management",BSc Nursing
Medical Sales,Medical Representative,"Product Demonstration, Territory Management, CRM",BPharmacy
Renewable Integration,Grid Integration Engineer,"Inverter Technology, Power Quality, Compliance",Electrical Engineering
Coastal Engineering,Coastal Engineer,"Wave Modeling, Shore Protection, Dredging",Civil Engineering
Tourism Management,Travel Agency Manager,"Itinerary Planning, GDS Systems, Customer Service",BBM
Media Law,Media Legal Advisor,"Copyright, Defamation, Freedom of Speech",BJMC
Forensic Psychology,Forensic Psychologist,"Competency Evaluations, Expert Witness Testimony",BA Psychology
Internal Auditing,Internal Auditor,"SOX Compliance, Risk Matrix, Report Writing",BBS
Dermatology,Dermatologist,"Skin Biopsy, Laser Therapy, Cosmetic Procedures",MBBS
Systems Administration,Linux Administrator,"Bash Scripting, Server Hardening, Ansible",BIT
Logistics Management,Logistics Coordinator,"Freight Forwarding, Customs Clearance, 3PL",BBA
Spa Management,Spa Director,"Therapy Knowledge, Product Sales, Relaxation Techniques",BHM
HVAC Design,HVAC Engineer,"Carrier HAP, Duct Design, Load Calculations",Mechanical Engineering
Neonatal Care,NICU Nurse,"Ventilator Care, Gavage Feeding, Parent Support",BSc Nursing
Compounding Pharmacy,Compounding Pharmacist,"USP 795/800, Non-Sterile Formulations",BPharmacy
Maintenance Engineering,Plant Engineer,"Preventive Maintenance, TPM, CMMS",Mechanical Engineering
Transportation Planning,Traffic Engineer,"Synchro, VISSIM, Road Safety Audits",Civil Engineering
Nonprofit Management,NGO Director,"Grant Writing, Volunteer Management, Fundraising",BBM
Broadcast Journalism,News Anchor,"Teleprompter, Voice Modulation, Crisis Reporting",BJMC
Consumer Behavior,Consumer Insights Analyst,"Focus Groups, Ethnography, Survey Design",BA Psychology
Mergers and Acquisitions,M&A Analyst,"Due Diligence, LBO Modeling, Negotiation",BBS
Anesthesiology,Anesthesiologist,"Airway Management, Pain Control, Monitoring",MBBS
IT Project Management,IT Project Manager,"Agile, Scrum, JIRA, Risk Management",BIT
Sales Management,Sales Director,"Pipeline Management, Salesforce, Team Leadership",BBA
Revenue Management,Revenue Manager,"Yield Management, Forecasting, Rate Strategy",BHM
Biomedical Devices,Biomedical Engineer,"ISO 13485, FDA QSR, Design Controls",Mechanical Engineering
Home Health Nursing,Home Health Nurse,"Wound Care, Patient Education, Independence Promotion",BSc Nursing
Hospital Pharmacy,Hospital Pharmacist,"Formulary Management, Clinical Interventions",BPharmacy
Smart Grid,Smart Grid Engineer,"AMI, Distribution Automation, Data Analytics",Electrical Engineering
Earthquake Engineering,Seismic Analyst,"SHAKE, Response Spectrum, Performance-Based Design",Civil Engineering
Agri-Business Management,Agri-Business Consultant,"Supply Chain, Commodity Trading, Farm Economics",BBM
Documentary Filmmaking,Documentary Producer,"Storyboarding, Fundraising, Ethical Editing",BJMC
Health Psychology,Health Coach,"Behavior Change Techniques, Wellness Planning",BA Psychology
Insurance Sector,Actuarial Analyst,"Risk Modeling, Premium Calculation, VBA",BBS
Ophthalmology,Ophthalmologist,"Slit Lamp Exam, Cataract Surgery, LASIK",MBBS
Business Intelligence,BI Manager,"Data Warehousing, ETL, Dashboard Design",BIT
Product Management,Product Manager,"Roadmapping, User Stories, Market Analysis",BBA
Cruise Line Management,Cruise Director,"Entertainment Coordination, Safety Drills, Hospitality",BHM
Manufacturing Process,Process Engineer,"Lean Six Sigma, SPC, Value Stream Mapping",Mechanical Engineering
Rehabilitation Nursing,Rehab Nurse,"Mobility Assistance, ADL Training, Goal Setting",BSc Nursing
Pharmaceutical Marketing,Product Manager,"KOL Management, Promotional Strategy, Market Access",BPharmacy
Electronics Design,PCB Designer,"Altium Designer, Signal Integrity, EMC Compliance",Computer Engineering
E-Learning Development,E-Learning Specialist,"Articulate Storyline, Moodle, SCORM",BCA
Criminology,Crime Analyst,"Crime Mapping, Statistical Analysis, Pattern Detection",BA Sociology
Natural Language Processing,NLP Engineer,"Transformers, BERT, Python, Text Mining",BSc CSIT
Family Law,Family Mediator,"Divorce Mediation, Custody Evaluation, Conflict Resolution",BALLB
Tool and Die Making,Tooling Engineer,"GD&T, CNC Programming, Mold Flow Analysis",Mechanical Engineering
Diabetes Education,Diabetes Educator,"Nutrition Counseling, Glucose Monitoring, Insulin Management",BSc Nursing
Regulatory Writing,Medical Writer,"Clinical Study Reports, ICH Guidelines, Literature Review",BPharmacy
Lighting Design,Lighting Engineer,"DIALux, Photometric Analysis, Energy Codes",Electrical Engineering
Tunnel Engineering,Tunnel Engineer,"Rock Mass Classification, NATM, Settlement Analysis",Civil Engineering
Microfinance,Microfinance Officer,"Group Lending Methodology, Credit Scoring, Rural Outreach",BBS
Social Media Management,Social Media Strategist,"Content Calendar, Community Engagement, Analytics",BJMC
Art Therapy,Art Therapist,"Expressive Techniques, Trauma Processing, Empathy",BA Psychology
Treasury Management,Treasury Analyst,"Cash Flow Forecasting, Hedging, Bank Relations",BBS
Nephrology,Nephrologist,"Dialysis Management, Hypertension Control, Electrolyte Balance",MBBS
Helpdesk Management,Service Desk Lead,"ITIL Framework, Ticket Prioritization, KPI Reporting",BIT
Franchise Management,Franchise Consultant,"Operations Manual, Compliance Audits, Training",BBA
Casino Management,Table Games Supervisor,"Game Procedures, Customer Surveillance, Cash Handling",BHM
Acoustics Engineering,Acoustical Engineer,"Sound Level Modeling, Insulation Design, NVH",Mechanical Engineering
Oncology Nursing,Oncology Nurse,"Chemo Administration, Port Access, Symptom Management",BSc Nursing
Veterinary Pharmacy,Veterinary Pharmacist,"Compounding for Animals, Species Differences, Regs",BPharmacy
High Voltage Engineering,High Voltage Tester,"Partial Discharge, Tan Delta, Impulse Testing",Electrical Engineering
Construction Estimating,Estimator,"Planswift, Bluebeam, Quantity Takeoff",Civil Engineering
Public Policy Analysis,Policy Analyst,"Legislative Research, Stakeholder Analysis, Brief Writing",BA Sociology
Search Engine Optimization,SEO Manager,"Link Building, Technical SEO, Content Strategy",BCA
Legal Tech,Legal Process Outsourcer,"E-Discovery, Contract Review, Due Diligence Support",BALLB
Nuclear Engineering,Nuclear Engineer,"Reactor Physics, Radiation Safety, Thermal Hydraulics",Mechanical Engineering
Cardiac Nursing,Cardiac Nurse,"ECG Monitoring, Stress Test Assistance, Patient Education",BSc Nursing
Pharmaceutical Analytics,Business Analyst,"Sales Forecasting, CRM Analytics, Tableau",BPharmacy
Signal Processing,DSP Engineer,"MATLAB, FPGA, Filter Design, Communication Theory",Computer Engineering
E-Governance,IT Officer (Govt),"NeGP Guidelines, Tender Process, Citizen Services",BIT
Guest Relations,Guest Relations Manager,"Conflict Resolution, VIP Services, Personalization",BHM
Intellectual Property Law,Patent Attorney,"Patent Drafting, Prior Art Search, Litigation Support",BALLB